[
  {
    "id": "4767516d-a8d5-4058-8b4c-6b155a3939f0",
    "data": [
      {
        "text": "Give me a vegan plan for ",
        "userDefined": false
      },
      {
        "text": "weight loss",
        "meta": "@Goal",
        "alias": "goal",
        "userDefined": false
      },
      {
        "text": ".",
        "userDefined": false
      }
    ],
    "isTemplate": false,
    "count": 0,
    "lang": "en",
    "updated": 0
  },
  {
    "id": "297d0eb9-616b-4d61-91cd-4963557954a5",
    "data": [
      {
        "text": "What should I eat to ",
        "userDefined": false
      },
      {
        "text": "gain muscle",
        "meta": "@Goal",
        "alias": "goal",
        "userDefined": false
      },
      {
        "text": "?",
        "userDefined": false
      }
    ],
    "isTemplate": false,
    "count": 0,
    "lang": "en",
    "updated": 0
  },
  {
    "id": "caf07df0-90f6-4df6-9cdf-fee933b836c1",
    "data": [
      {
        "text": "What\u0027s a ",
        "userDefined": false
      },
      {
        "text": "vegetarian",
        "meta": "@diet_preference",
        "alias": "diet_preference",
        "userDefined": true
      },
      {
        "text": " diet for maintenance?",
        "userDefined": false
      }
    ],
    "isTemplate": false,
    "count": 0,
    "lang": "en",
    "updated": 0
  },
  {
    "id": "4d15d7a2-6494-491b-9183-d8ed16ed966a",
    "data": [
      {
        "text": "What is ",
        "userDefined": false
      },
      {
        "text": "healthy diet",
        "meta": "@diet_preference",
        "alias": "diet_preference",
        "userDefined": true
      },
      {
        "text": "?",
        "userDefined": false
      }
    ],
    "isTemplate": false,
    "count": 0,
    "lang": "en",
    "updated": 0
  },
  {
    "id": "d4a19f22-5621-41dd-8dc1-bb4aa3137579",
    "data": [
      {
        "text": "Give me some ",
        "userDefined": false
      },
      {
        "text": "nutrition advice.",
        "meta": "@diet_preference",
        "alias": "diet_preference",
        "userDefined": true
      }
    ],
    "isTemplate": false,
    "count": 0,
    "lang": "en",
    "updated": 0
  },
  {
    "id": "b00a0746-ef83-42e3-a3f1-476beec4f7f4",
    "data": [
      {
        "text": "I want to build ",
        "userDefined": false
      },
      {
        "text": "muscle",
        "meta": "@Goal",
        "alias": "goal",
        "userDefined": false
      },
      {
        "text": ". Any diet tips?",
        "userDefined": false
      }
    ],
    "isTemplate": false,
    "count": 0,
    "lang": "en",
    "updated": 0
  },
  {
    "id": "73972d06-ef11-4af1-a461-8e0eb390efe2",
    "data": [
      {
        "text": "What should i eat to ",
        "userDefined": false
      },
      {
        "text": "lose weight",
        "meta": "@diet_preference",
        "alias": "diet_preference",
        "userDefined": false
      },
      {
        "text": "?",
        "userDefined": false
      }
    ],
    "isTemplate": false,
    "count": 0,
    "lang": "en",
    "updated": 0
  },
  {
    "id": "3353ba29-b9ca-43c2-bb15-7ea6a2a6cf0f",
    "data": [
      {
        "text": "can you suggest a ",
        "userDefined": false
      },
      {
        "text": "diet plan?",
        "meta": "@diet_preference",
        "alias": "diet_preference",
        "userDefined": true
      }
    ],
    "isTemplate": false,
    "count": 0,
    "lang": "en",
    "updated": 0
  }
]