[
  {
    "id": "fdc47681-1368-48cb-9075-d02b5c9192ca",
    "data": [
      {
        "text": "Suggest a workout",
        "userDefined": false
      }
    ],
    "isTemplate": false,
    "count": 0,
    "lang": "en",
    "updated": 0
  },
  {
    "id": "23ad322c-7092-4787-843e-8689b8522194",
    "data": [
      {
        "text": "What exercises should I do?",
        "userDefined": false
      }
    ],
    "isTemplate": false,
    "count": 0,
    "lang": "en",
    "updated": 0
  },
  {
    "id": "5a63e44a-621f-4685-86bc-3de1977bb388",
    "data": [
      {
        "text": "Give me a workout plan",
        "userDefined": false
      }
    ],
    "isTemplate": false,
    "count": 0,
    "lang": "en",
    "updated": 0
  }
]