[
  {
    "id": "1fe7c8ed-3230-40ff-bdae-9120fed4369c",
    "data": [
      {
        "text": "fitness",
        "meta": "@Goal",
        "alias": "Goal",
        "userDefined": true
      }
    ],
    "isTemplate": false,
    "count": 0,
    "lang": "en",
    "updated": 0
  },
  {
    "id": "a53ede3a-0a87-4cd8-be90-01cb3572d99b",
    "data": [
      {
        "text": "muscle gain",
        "meta": "@Goal",
        "alias": "Goal",
        "userDefined": true
      }
    ],
    "isTemplate": false,
    "count": 0,
    "lang": "en",
    "updated": 0
  },
  {
    "id": "5feadbf7-bae0-4823-9e62-2b9f4f63ff9e",
    "data": [
      {
        "text": "weight loss",
        "meta": "@Goal",
        "alias": "Goal",
        "userDefined": true
      }
    ],
    "isTemplate": false,
    "count": 0,
    "lang": "en",
    "updated": 0
  },
  {
    "id": "ef680c12-3762-42d0-a704-8397c0afdc95",
    "data": [
      {
        "text": "I want ",
        "userDefined": false
      },
      {
        "text": "fitness",
        "meta": "@Goal",
        "alias": "Goal",
        "userDefined": true
      },
      {
        "text": " only",
        "userDefined": false
      }
    ],
    "isTemplate": false,
    "count": 0,
    "lang": "en",
    "updated": 0
  },
  {
    "id": "bb1f49fc-cb02-48c2-88e6-de8de2fec6ef",
    "data": [
      {
        "text": "I want to  ",
        "userDefined": false
      },
      {
        "text": "muscle gain",
        "meta": "@Goal",
        "alias": "Goal",
        "userDefined": true
      }
    ],
    "isTemplate": false,
    "count": 0,
    "lang": "en",
    "updated": 0
  },
  {
    "id": "d7f8ea47-7a8c-466f-94b4-2c3bfbeca793",
    "data": [
      {
        "text": "I want to ",
        "userDefined": false
      },
      {
        "text": "lose weight",
        "meta": "@Goal",
        "alias": "Goal",
        "userDefined": true
      }
    ],
    "isTemplate": false,
    "count": 0,
    "lang": "en",
    "updated": 0
  }
]