[
  {
    "id": "dca9aef1-39b7-4937-8d42-825e865430cb",
    "data": [
      {
        "text": "I have bands",
        "userDefined": false
      }
    ],
    "isTemplate": false,
    "count": 0,
    "lang": "en",
    "updated": 0
  },
  {
    "id": "9f8b2d63-ee78-402f-a2fd-862a2cfec7b1",
    "data": [
      {
        "text": "I have resistance bands",
        "userDefined": false
      }
    ],
    "isTemplate": false,
    "count": 0,
    "lang": "en",
    "updated": 0
  },
  {
    "id": "f76a0dc6-7700-4a93-a995-ec7c16ff45ff",
    "data": [
      {
        "text": "I have dumbbells at home",
        "userDefined": false
      }
    ],
    "isTemplate": false,
    "count": 0,
    "lang": "en",
    "updated": 0
  },
  {
    "id": "eaac7586-f27e-4141-9325-a6ec860aa260",
    "data": [
      {
        "text": "Nothing",
        "userDefined": false
      }
    ],
    "isTemplate": false,
    "count": 0,
    "lang": "en",
    "updated": 0
  },
  {
    "id": "1c724eb0-4e52-4367-b428-bc59bdf4860b",
    "data": [
      {
        "text": "No equipment",
        "userDefined": false
      }
    ],
    "isTemplate": false,
    "count": 0,
    "lang": "en",
    "updated": 0
  },
  {
    "id": "805c9aee-f754-41be-8ebe-4a6973c7509c",
    "data": [
      {
        "text": "I don\u0027t have equipments",
        "userDefined": false
      }
    ],
    "isTemplate": false,
    "count": 0,
    "lang": "en",
    "updated": 0
  },
  {
    "id": "114ff18c-d032-42da-bcc8-a364cc08f713",
    "data": [
      {
        "text": "I have dumbbels",
        "userDefined": false
      }
    ],
    "isTemplate": false,
    "count": 0,
    "lang": "en",
    "updated": 0
  }
]