[
  {
    "id": "98adf7b0-ce6e-4373-9b0f-129713e195ae",
    "data": [
      {
        "text": "I\u0027m a ",
        "userDefined": false
      },
      {
        "text": "advanced",
        "meta": "@Experience_lIevel",
        "alias": "Experience_lIevel",
        "userDefined": true
      }
    ],
    "isTemplate": false,
    "count": 0,
    "lang": "en",
    "updated": 0
  },
  {
    "id": "c4f9cd75-c7a3-4a6c-aa6c-c91ab9c5df2d",
    "data": [
      {
        "text": "I\u0027m ",
        "userDefined": false
      },
      {
        "text": "intermediate",
        "meta": "@Experience_lIevel",
        "alias": "Experience_lIevel",
        "userDefined": true
      }
    ],
    "isTemplate": false,
    "count": 0,
    "lang": "en",
    "updated": 0
  },
  {
    "id": "24decf4b-aa40-4e43-b051-5aeebf4f94dd",
    "data": [
      {
        "text": "I\u0027m a ",
        "userDefined": false
      },
      {
        "text": "beginner",
        "meta": "@Experience_lIevel",
        "alias": "Experience_lIevel",
        "userDefined": true
      }
    ],
    "isTemplate": false,
    "count": 0,
    "lang": "en",
    "updated": 0
  }
]