[
  {
    "id": "b1c4b2d4-cae5-43fe-b84d-8dbf9fe1ed56",
    "data": [
      {
        "text": "Good evening",
        "userDefined": false
      }
    ],
    "isTemplate": false,
    "count": 0,
    "lang": "en",
    "updated": 0
  },
  {
    "id": "a5ac38ce-fe73-4b4e-a723-4d5da1e8793a",
    "data": [
      {
        "text": "Good morning",
        "userDefined": false
      }
    ],
    "isTemplate": false,
    "count": 0,
    "lang": "en",
    "updated": 0
  },
  {
    "id": "bbd295a1-cb48-410a-b5d2-5cf9ba16dbf3",
    "data": [
      {
        "text": "Hii coach",
        "userDefined": false
      }
    ],
    "isTemplate": false,
    "count": 0,
    "lang": "en",
    "updated": 0
  },
  {
    "id": "3a6f73c8-ac44-4674-9d82-5f30666cdd40",
    "data": [
      {
        "text": "Hey",
        "userDefined": false
      }
    ],
    "isTemplate": false,
    "count": 0,
    "lang": "en",
    "updated": 0
  },
  {
    "id": "d03270cd-e01f-47ec-a8ef-98ab96ef80a5",
    "data": [
      {
        "text": "Hi",
        "userDefined": false
      }
    ],
    "isTemplate": false,
    "count": 0,
    "lang": "en",
    "updated": 0
  },
  {
    "id": "840cdba1-89ac-44ee-8692-57ba36212348",
    "data": [
      {
        "text": "Hello",
        "userDefined": false
      }
    ],
    "isTemplate": false,
    "count": 0,
    "lang": "en",
    "updated": 0
  }
]