[
  {
    "id": "0c6987d3-792a-4197-a896-9b174742f0df",
    "data": [
      {
        "text": "Gym workouts",
        "userDefined": false
      }
    ],
    "isTemplate": false,
    "count": 0,
    "lang": "en",
    "updated": 0
  },
  {
    "id": "215f822a-cf64-4134-a6be-45f595b60ab8",
    "data": [
      {
        "text": "I want gym workout",
        "userDefined": false
      }
    ],
    "isTemplate": false,
    "count": 0,
    "lang": "en",
    "updated": 0
  },
  {
    "id": "45a5b267-4312-48e7-a743-ef6c919ad9ce",
    "data": [
      {
        "text": "Gym workout",
        "userDefined": false
      }
    ],
    "isTemplate": false,
    "count": 0,
    "lang": "en",
    "updated": 0
  }
]