[
  {
    "id": "cda07c6a-ad77-4c02-8a22-6b2023dc6eab",
    "data": [
      {
        "text": "Intermediates",
        "userDefined": false
      }
    ],
    "isTemplate": false,
    "count": 0,
    "lang": "en",
    "updated": 0
  },
  {
    "id": "ffd88b29-a113-40f3-8a5f-62a3bca088b7",
    "data": [
      {
        "text": "Advanced",
        "userDefined": false
      }
    ],
    "isTemplate": false,
    "count": 0,
    "lang": "en",
    "updated": 0
  },
  {
    "id": "d7fef951-3c44-439e-9ee7-c0f64a054864",
    "data": [
      {
        "text": "beginner",
        "userDefined": false
      }
    ],
    "isTemplate": false,
    "count": 0,
    "lang": "en",
    "updated": 0
  },
  {
    "id": "16838c63-6ca7-4e6f-bfca-7e9c557dadfd",
    "data": [
      {
        "text": "I am advanced",
        "userDefined": false
      }
    ],
    "isTemplate": false,
    "count": 0,
    "lang": "en",
    "updated": 0
  },
  {
    "id": "6a8bdbd4-320c-49fd-b24a-a5c12c1ae74c",
    "data": [
      {
        "text": "I am intermediate",
        "userDefined": false
      }
    ],
    "isTemplate": false,
    "count": 0,
    "lang": "en",
    "updated": 0
  },
  {
    "id": "01809093-14fd-4283-bd35-7323eebf49a2",
    "data": [
      {
        "text": "I am beginner",
        "userDefined": false
      }
    ],
    "isTemplate": false,
    "count": 0,
    "lang": "en",
    "updated": 0
  }
]