[
  {
    "id": "8f402c45-ae76-4c0c-b364-3e5dce2bede9",
    "data": [
      {
        "text": "Home workout",
        "userDefined": false
      }
    ],
    "isTemplate": false,
    "count": 0,
    "lang": "en",
    "updated": 0
  },
  {
    "id": "6784cdec-ef4a-4d3a-8f25-4e0261744aa5",
    "data": [
      {
        "text": "Tell me about home exercises",
        "userDefined": false
      }
    ],
    "isTemplate": false,
    "count": 0,
    "lang": "en",
    "updated": 0
  },
  {
    "id": "fa4df0dc-1064-4cfe-b2e2-bcdc015f8408",
    "data": [
      {
        "text": "Need a home workout plan",
        "userDefined": false
      }
    ],
    "isTemplate": false,
    "count": 0,
    "lang": "en",
    "updated": 0
  },
  {
    "id": "35c512bc-f94c-47fc-a87e-d281ffd0fb05",
    "data": [
      {
        "text": "I prefer to do home workouts",
        "userDefined": false
      }
    ],
    "isTemplate": false,
    "count": 0,
    "lang": "en",
    "updated": 0
  },
  {
    "id": "bb1b966f-4ba9-452a-a4c9-9ac392fd1458",
    "data": [
      {
        "text": "Suggest me a home workout",
        "userDefined": false
      }
    ],
    "isTemplate": false,
    "count": 0,
    "lang": "en",
    "updated": 0
  },
  {
    "id": "9909acbe-b585-4582-88d4-8946526b6dac",
    "data": [
      {
        "text": "What can I do at home to exercise?",
        "userDefined": false
      }
    ],
    "isTemplate": false,
    "count": 0,
    "lang": "en",
    "updated": 0
  },
  {
    "id": "567b7a5f-4cc5-4798-857d-acbe470cfc8c",
    "data": [
      {
        "text": "What are some good exercises for home?",
        "userDefined": false
      }
    ],
    "isTemplate": false,
    "count": 0,
    "lang": "en",
    "updated": 0
  },
  {
    "id": "704f346d-9235-44fd-9233-459f64ef0898",
    "data": [
      {
        "text": "Give me a workout I can do at home",
        "userDefined": false
      }
    ],
    "isTemplate": false,
    "count": 0,
    "lang": "en",
    "updated": 0
  },
  {
    "id": "801cd7f5-3754-44c5-b271-0fe7304c9c33",
    "data": [
      {
        "text": "I want to do home workouts",
        "userDefined": false
      }
    ],
    "isTemplate": false,
    "count": 0,
    "lang": "en",
    "updated": 0
  }
]