[
  {
    "id": "bd50c23c-df2f-4917-859d-b365073a3b11",
    "data": [
      {
        "text": "I want yoga workout",
        "userDefined": false
      }
    ],
    "isTemplate": false,
    "count": 0,
    "lang": "en",
    "updated": 0
  },
  {
    "id": "796be455-fd19-4afa-8798-be5c2c60dbcb",
    "data": [
      {
        "text": "yoga workout",
        "userDefined": false
      }
    ],
    "isTemplate": false,
    "count": 0,
    "lang": "en",
    "updated": 0
  },
  {
    "id": "6398bb57-1aa6-4139-8fb4-89fcb02d3138",
    "data": [
      {
        "text": "Give me yoga workout",
        "userDefined": false
      }
    ],
    "isTemplate": false,
    "count": 0,
    "lang": "en",
    "updated": 0
  }
]