[
  {
    "id": "7b93a7d0-9957-4b9f-b2f1-0063d7039216",
    "data": [
      {
        "text": "I am intermediate",
        "userDefined": false
      }
    ],
    "isTemplate": false,
    "count": 0,
    "lang": "en",
    "updated": 0
  },
  {
    "id": "f58134c9-44f9-4dd8-b75e-f53fe73c1c01",
    "data": [
      {
        "text": "I am advanced",
        "userDefined": false
      }
    ],
    "isTemplate": false,
    "count": 0,
    "lang": "en",
    "updated": 0
  },
  {
    "id": "679f6882-5b61-4e26-8255-e63eb458e415",
    "data": [
      {
        "text": "I am beginner",
        "userDefined": false
      }
    ],
    "isTemplate": false,
    "count": 0,
    "lang": "en",
    "updated": 0
  }
]