[
  {
    "value": "Fitness-related tasks",
    "synonyms": [
      "Fitness-related tasks:",
      "Workout, Cardio ,Strength training ,HIIT (High-Intensity Interval Training) Stretching, Yoga session ,Morning walk ,Evening jog, Pilates, Squats ,Push-ups ,Crunches, Dumbbell ,exercises ,Running, Cycling ,Swimming, Resistance band exercises ,Abs workout, Leg day workout, Arm day workout"
    ]
  },
  {
    "value": "Meal-related tasks",
    "synonyms": [
      "Meal-related tasks:",
      "Meal prep ,Breakfast prep, Lunch prep ,Dinner prep ,Snack prep ,Smoothie prep, Hydration (e.g., drink 2L of water), Vegan meal prep, Vegetarian meal prep ,Keto meal prep ,Protein shake Salad prep, Grocery shopping for meals, Clean eating ,Track calories, Food journaling"
    ]
  },
  {
    "value": "Wellness-related tasks",
    "synonyms": [
      "Meditation, Mindfulness, Breathing exercises ,Sleep, Hydrate ,Self-care ,Relaxation time, Read a book, Journaling ,Gratitude practice"
    ]
  },
  {
    "value": "General tasks",
    "synonyms": [
      "Complete workout, Finish meal prep ,Set fitness goals ,Track progress, Rest day ,Take a break ,Time management, Organize workout equipment ,Plan fitness schedule"
    ]
  },
  {
    "value": "Personal development tasks",
    "synonyms": [
      "Study fitness techniques ,Read health articles ,Learn about nutrition, Watch a fitness tutorial ,Attend a fitness class, Hire a personal trainer"
    ]
  },
  {
    "value": "Goal-related tasks",
    "synonyms": [
      "Lose weight, Gain muscle, Build endurance, Improve flexibility, Improve posture, Increase strength ,Maintain weight Recover from injury"
    ]
  }
]